{
  "config": {
    "project_root": "/path/to/project",
    "manifest_dir": null,
    "sam3_checkpoint": null,
    "models": "lora_light,hl_residual_old",
    "use_tta": true,
    "val_eval_limit": 500,
    "pilot_eval_limit": 500,
    "test_manifest_name": "target_pilot_test_500.txt",
    "test_eval_limit": 0,
    "lora_light_ckpt": "results/stageA_shotpilot_20260612_170909/train_lora_s10_seed123/weights/e6v2_pilot_lora_light_best.pth",
    "hl_lite_ckpt": null,
    "hl_residual_old_ckpt": "results/stageA_shotpilot_20260612_170909/train_hlres_s10_seed123/weights/hl_residual_best.pth",
    "hl_residual_v2_ckpt": null,
    "out_dir": "results/stageA_shotpilot_20260612_170909/eval_tta_post_s10_seed123"
  },
  "results": [
    {
      "model": "lora_light",
      "checkpoint": "results/stageA_shotpilot_20260612_170909/train_lora_s10_seed123/weights/e6v2_pilot_lora_light_best.pth",
      "use_tta": true,
      "val_best_cfg": {
        "threshold": 0.7,
        "min_area": 128,
        "closing_kernel": 5,
        "fill_holes": false,
        "mIoU": 0.6902496244362507,
        "F1": 0.7710631635739925,
        "Boundary_IoU": 0.44223936781110057
      },
      "test_manifest": "target_pilot_test_500.txt",
      "test_fixed_05": {
        "mIoU": 0.5029983818407143,
        "F1": 0.6001859760190167,
        "Boundary_IoU": 0.16316101459087673
      },
      "test_calibrated_postprocess": {
        "mIoU": 0.6604407247214593,
        "F1": 0.7491963771525172,
        "Boundary_IoU": 0.3553986093593698
      },
      "pilot_fixed_05": {
        "mIoU": 0.5029983818407143,
        "F1": 0.6001859760190167,
        "Boundary_IoU": 0.16316101459087673
      },
      "pilot_calibrated_postprocess": {
        "mIoU": 0.6604407247214593,
        "F1": 0.7491963771525172,
        "Boundary_IoU": 0.3553986093593698
      }
    },
    {
      "model": "hl_residual_old",
      "checkpoint": "results/stageA_shotpilot_20260612_170909/train_hlres_s10_seed123/weights/hl_residual_best.pth",
      "use_tta": true,
      "val_best_cfg": {
        "threshold": 0.7,
        "min_area": 128,
        "closing_kernel": 5,
        "fill_holes": false,
        "mIoU": 0.6927950387962908,
        "F1": 0.773848676682872,
        "Boundary_IoU": 0.4479958670378189
      },
      "test_manifest": "target_pilot_test_500.txt",
      "test_fixed_05": {
        "mIoU": 0.5412930109156675,
        "F1": 0.6312685068717162,
        "Boundary_IoU": 0.21399595405341593
      },
      "test_calibrated_postprocess": {
        "mIoU": 0.6552551360173273,
        "F1": 0.7436204162116946,
        "Boundary_IoU": 0.3539188680720773
      },
      "pilot_fixed_05": {
        "mIoU": 0.5412930109156675,
        "F1": 0.6312685068717162,
        "Boundary_IoU": 0.21399595405341593
      },
      "pilot_calibrated_postprocess": {
        "mIoU": 0.6552551360173273,
        "F1": 0.7436204162116946,
        "Boundary_IoU": 0.3539188680720773
      }
    }
  ]
}