model,mIoU,F1,Boundary_IoU
DeepLabv3+ ResNet50,0.5263679041792929,0.6173017625880405,0.3262067169977302
