{
  "experiment": "Baselines_Full_Test_Evaluation",
  "metadata": {
    "platform": "cloud-linux",
    "device": "cuda",
    "timestamp": "20260602_204532",
    "test_set": "whu_mix_full_test (8,402 images)",
    "domain": "target (target_whu_mix)",
    "shots": [
      5,
      10,
      20
    ],
    "modes": [
      "decoder_only",
      "lora"
    ],
    "seeds": [
      42,
      123,
      456
    ],
    "eval_batch_size": 32,
    "num_workers": 8
  },
  "aggregated_summary": {
    "decoder_only_5shot": {
      "shot": 5,
      "mode": "decoder_only",
      "count": 3,
      "mIoU_mean": 0.6233443463239308,
      "mIoU_std": 0.04333238071498482,
      "F1_mean": 0.7174664057309957,
      "F1_std": 0.04211572680472227,
      "BIoU_mean": 0.4542814826319696,
      "BIoU_std": 0.04226839774705071
    },
    "lora_5shot": {
      "shot": 5,
      "mode": "lora",
      "count": 3,
      "mIoU_mean": 0.6957781977894286,
      "mIoU_std": 0.008191616540897596,
      "F1_mean": 0.7802025770980903,
      "F1_std": 0.011116310131176078,
      "BIoU_mean": 0.5211946687071864,
      "BIoU_std": 0.006253849406331609
    },
    "decoder_only_10shot": {
      "shot": 10,
      "mode": "decoder_only",
      "count": 3,
      "mIoU_mean": 0.5597422891412783,
      "mIoU_std": 0.017039101612102155,
      "F1_mean": 0.6563694367728768,
      "F1_std": 0.016204494754373366,
      "BIoU_mean": 0.36580556616349513,
      "BIoU_std": 0.01338120726652442
    },
    "lora_10shot": {
      "shot": 10,
      "mode": "lora",
      "count": 3,
      "mIoU_mean": 0.6877472148722581,
      "mIoU_std": 0.04277790670312803,
      "F1_mean": 0.772035570517995,
      "F1_std": 0.04455685997049891,
      "BIoU_mean": 0.5115979884776977,
      "BIoU_std": 0.01613238738898481
    },
    "decoder_only_20shot": {
      "shot": 20,
      "mode": "decoder_only",
      "count": 3,
      "mIoU_mean": 0.6022759707476885,
      "mIoU_std": 0.03348415636629084,
      "F1_mean": 0.6941065658337205,
      "F1_std": 0.031939111980124925,
      "BIoU_mean": 0.4198134442376527,
      "BIoU_std": 0.02546170724263544
    },
    "lora_20shot": {
      "shot": 20,
      "mode": "lora",
      "count": 3,
      "mIoU_mean": 0.7124296958239947,
      "mIoU_std": 0.025671449505420996,
      "F1_mean": 0.7945883156069619,
      "F1_std": 0.024321987597515415,
      "BIoU_mean": 0.5225735326222529,
      "BIoU_std": 0.02779041078118871
    }
  },
  "individual_results": [
    {
      "mIoU": 0.5958879569147261,
      "F1": 0.6900266556643196,
      "Boundary_IoU": 0.44423362525472565,
      "label": "dec_tgt_5shot_seed42",
      "mode": "decoder_only",
      "shot": 5,
      "seed": 42,
      "weight_found": true
    },
    {
      "mIoU": 0.6008467873595482,
      "F1": 0.6964151788045342,
      "Boundary_IoU": 0.4179424101033466,
      "label": "dec_tgt_5shot_seed123",
      "mode": "decoder_only",
      "shot": 5,
      "seed": 123,
      "weight_found": true
    },
    {
      "mIoU": 0.673298294697518,
      "F1": 0.765957382724133,
      "Boundary_IoU": 0.5006684125378364,
      "label": "dec_tgt_5shot_seed456",
      "mode": "decoder_only",
      "shot": 5,
      "seed": 456,
      "weight_found": true
    },
    {
      "mIoU": 0.5583899121919279,
      "F1": 0.6530144876797596,
      "Boundary_IoU": 0.36685759053072586,
      "label": "dec_tgt_10shot_seed42",
      "mode": "decoder_only",
      "shot": 10,
      "seed": 42,
      "weight_found": true
    },
    {
      "mIoU": 0.5434196749761294,
      "F1": 0.6421050203499973,
      "Boundary_IoU": 0.3519293988700037,
      "label": "dec_tgt_10shot_seed123",
      "mode": "decoder_only",
      "shot": 10,
      "seed": 123,
      "weight_found": true
    },
    {
      "mIoU": 0.5774172802557777,
      "F1": 0.6739888022888738,
      "Boundary_IoU": 0.37862970908975585,
      "label": "dec_tgt_10shot_seed456",
      "mode": "decoder_only",
      "shot": 10,
      "seed": 456,
      "weight_found": true
    },
    {
      "mIoU": 0.580805432268768,
      "F1": 0.6703481395249918,
      "Boundary_IoU": 0.40294923145397266,
      "label": "dec_tgt_20shot_seed42",
      "mode": "decoder_only",
      "shot": 20,
      "seed": 42,
      "weight_found": true
    },
    {
      "mIoU": 0.5851643243476903,
      "F1": 0.681557112250449,
      "Boundary_IoU": 0.40738896219562504,
      "label": "dec_tgt_20shot_seed123",
      "mode": "decoder_only",
      "shot": 20,
      "seed": 123,
      "weight_found": true
    },
    {
      "mIoU": 0.6408581556266071,
      "F1": 0.7304144457257211,
      "Boundary_IoU": 0.4491021390633605,
      "label": "dec_tgt_20shot_seed456",
      "mode": "decoder_only",
      "shot": 20,
      "seed": 456,
      "weight_found": true
    },
    {
      "mIoU": 0.6872812813576524,
      "F1": 0.76832044493834,
      "Boundary_IoU": 0.5258936557916041,
      "label": "lora_tgt_5shot_seed42",
      "mode": "lora",
      "shot": 5,
      "seed": 42,
      "weight_found": true
    },
    {
      "mIoU": 0.7036258767427356,
      "F1": 0.7903488247954652,
      "Boundary_IoU": 0.5235938879044926,
      "label": "lora_tgt_5shot_seed123",
      "mode": "lora",
      "shot": 5,
      "seed": 123,
      "weight_found": true
    },
    {
      "mIoU": 0.6964274352678977,
      "F1": 0.7819384615604659,
      "Boundary_IoU": 0.5140964624254627,
      "label": "lora_tgt_5shot_seed456",
      "mode": "lora",
      "shot": 5,
      "seed": 456,
      "weight_found": true
    },
    {
      "mIoU": 0.6392392705454227,
      "F1": 0.7209012366588454,
      "Boundary_IoU": 0.4932750712255376,
      "label": "lora_tgt_10shot_seed42",
      "mode": "lora",
      "shot": 10,
      "seed": 42,
      "weight_found": true
    },
    {
      "mIoU": 0.7039275382453204,
      "F1": 0.7926759031681955,
      "Boundary_IoU": 0.5178513634742806,
      "label": "lora_tgt_10shot_seed123",
      "mode": "lora",
      "shot": 10,
      "seed": 123,
      "weight_found": true
    },
    {
      "mIoU": 0.7200748358260312,
      "F1": 0.8025295717269442,
      "Boundary_IoU": 0.5236675307332747,
      "label": "lora_tgt_10shot_seed456",
      "mode": "lora",
      "shot": 10,
      "seed": 456,
      "weight_found": true
    },
    {
      "mIoU": 0.6832221312365115,
      "F1": 0.7666694351365253,
      "Boundary_IoU": 0.4905020766268283,
      "label": "lora_tgt_20shot_seed42",
      "mode": "lora",
      "shot": 20,
      "seed": 42,
      "weight_found": true
    },
    {
      "mIoU": 0.722650334512928,
      "F1": 0.8059093537401861,
      "Boundary_IoU": 0.5395437198953587,
      "label": "lora_tgt_20shot_seed123",
      "mode": "lora",
      "shot": 20,
      "seed": 123,
      "weight_found": true
    },
    {
      "mIoU": 0.731416621722545,
      "F1": 0.8111861579441738,
      "Boundary_IoU": 0.5376748013445717,
      "label": "lora_tgt_20shot_seed456",
      "mode": "lora",
      "shot": 20,
      "seed": 456,
      "weight_found": true
    }
  ]
}