{
  "experiment": "E7_Robustness_Analysis",
  "metadata": {
    "platform": "cloud-linux",
    "device": "cuda",
    "timestamp": "2026-06-06 18:15:54",
    "full_test": true,
    "sigma_levels": [
      20,
      10,
      5,
      2,
      0
    ],
    "seeds": [
      42,
      123,
      456
    ],
    "num_shots": 20,
    "eval_batch_size": 64,
    "boundary_d": 5,
    "ugdp_d": 5,
    "noise_types": {
      "SAM3 Zero-shot": "Gaussian pixel noise (σ/255), clamped [0,1]",
      "E5-noFT (Src→Tgt LoRA)": "Box jitter noise on bbox coordinates (σ pixels)",
      "E5-FT (Tgt LoRA)": "Box jitter noise on bbox coordinates (σ pixels)",
      "E6 GBG-SAM3 (Ours)": "Prompt-Free (no BBox), immune to box jitter by design"
    }
  },
  "results": {
    "SAM3 Zero-shot": {},
    "E5-noFT (Src→Tgt LoRA)": {},
    "E5-FT (Tgt LoRA)": {},
    "E6 GBG-SAM3 (Ours)": {
      "20": {
        "mIoU": 0.7141857705072417,
        "mIoU_std": 0.01219706462328271,
        "F1": 0.798611086770124,
        "Boundary_IoU": 0.5212787859385509
      },
      "10": {
        "mIoU": 0.7139654603441636,
        "mIoU_std": 0.012177096775039831,
        "F1": 0.7984011880122459,
        "Boundary_IoU": 0.5210095862100972
      },
      "5": {
        "mIoU": 0.7140125278558092,
        "mIoU_std": 0.012349834320322835,
        "F1": 0.7984436858330497,
        "Boundary_IoU": 0.5211107367534725
      },
      "2": {
        "mIoU": 0.7140885784832333,
        "mIoU_std": 0.012377885000401202,
        "F1": 0.798513946831906,
        "Boundary_IoU": 0.5211429642243334
      },
      "0": {
        "mIoU": 0.7140546582820594,
        "mIoU_std": 0.012411909966775264,
        "F1": 0.798471197436119,
        "Boundary_IoU": 0.5211205037910777
      }
    }
  },
  "raw_per_seed": {
    "SAM3 Zero-shot": {},
    "E5-noFT (Src→Tgt LoRA)": {},
    "E5-FT (Tgt LoRA)": {},
    "E6 GBG-SAM3 (Ours)": {
      "20": [
        {
          "mIoU": 0.704193686882301,
          "F1": 0.7854212396775486,
          "Boundary_IoU": 0.5117332438617659,
          "std_mIoU": 0.7043613549877176,
          "std_F1": 0.7846610888135637
        },
        {
          "mIoU": 0.7105860526645869,
          "F1": 0.8004066941646885,
          "Boundary_IoU": 0.5172734891303798,
          "std_mIoU": 0.710703988302256,
          "std_F1": 0.8004938539021764
        },
        {
          "mIoU": 0.7277775719748373,
          "F1": 0.8100053264681351,
          "Boundary_IoU": 0.5348296248235069,
          "std_mIoU": 0.7274803661811516,
          "std_F1": 0.8096141702995441
        }
      ],
      "10": [
        {
          "mIoU": 0.7037245128720871,
          "F1": 0.784991633372585,
          "Boundary_IoU": 0.5112639665091789,
          "std_mIoU": 0.7040039384940313,
          "std_F1": 0.7843069534892532
        },
        {
          "mIoU": 0.7107418384417094,
          "F1": 0.8005589199657477,
          "Boundary_IoU": 0.5172794049622939,
          "std_mIoU": 0.7107940131227066,
          "std_F1": 0.800590519735229
        },
        {
          "mIoU": 0.7274300297186946,
          "F1": 0.809653010698405,
          "Boundary_IoU": 0.5344853871588189,
          "std_mIoU": 0.7273717422567604,
          "std_F1": 0.8095192878641221
        }
      ],
      "5": [
        {
          "mIoU": 0.7036483727135224,
          "F1": 0.7848941681203262,
          "Boundary_IoU": 0.5112002322725618,
          "std_mIoU": 0.7041406684622634,
          "std_F1": 0.784442067470361
        },
        {
          "mIoU": 0.7107118804002067,
          "F1": 0.8005186166676282,
          "Boundary_IoU": 0.5173250768771137,
          "std_mIoU": 0.7107757416115967,
          "std_F1": 0.8005667322461905
        },
        {
          "mIoU": 0.7276773304536985,
          "F1": 0.8099182727111947,
          "Boundary_IoU": 0.534806901110742,
          "std_mIoU": 0.7275050235111242,
          "std_F1": 0.809654947587652
        }
      ],
      "2": [
        {
          "mIoU": 0.7037509294000874,
          "F1": 0.7849995949048646,
          "Boundary_IoU": 0.5113031479856679,
          "std_mIoU": 0.7036894339242944,
          "std_F1": 0.7839905677692756
        },
        {
          "mIoU": 0.7107097837271036,
          "F1": 0.8005335766148679,
          "Boundary_IoU": 0.517276287463447,
          "std_mIoU": 0.7109010083433922,
          "std_F1": 0.8006885412751871
        },
        {
          "mIoU": 0.7278050223225088,
          "F1": 0.8100086689759857,
          "Boundary_IoU": 0.5348494572238852,
          "std_mIoU": 0.7276270409793316,
          "std_F1": 0.8097649389724575
        }
      ],
      "0": [
        {
          "mIoU": 0.7036397721354581,
          "F1": 0.7848626943976732,
          "Boundary_IoU": 0.5111554984244362,
          "std_mIoU": 0.7038922090026943,
          "std_F1": 0.784185395949173
        },
        {
          "mIoU": 0.7107354889601392,
          "F1": 0.8005524131290033,
          "Boundary_IoU": 0.5173315728733319,
          "std_mIoU": 0.7110247174673016,
          "std_F1": 0.8008078460284331
        },
        {
          "mIoU": 0.727788713750581,
          "F1": 0.8099984847816805,
          "Boundary_IoU": 0.5348744400754648,
          "std_mIoU": 0.7274612735395661,
          "std_F1": 0.8096011343828994
        }
      ]
    }
  }
}