{
  "experiment": "E7_Robustness_Analysis_Merged",
  "metadata": {
    "platform": "cloud-linux",
    "device": "cuda",
    "timestamp": "2026-06-08 12:00:00",
    "full_test": true,
    "sigma_levels": [0, 2, 5, 10, 20],
    "seeds": [42, 123, 456],
    "num_shots": 20,
    "eval_batch_size": 32,
    "boundary_d": 5,
    "ugdp_d": 5,
    "noise_types": {
      "E5-FT (Tgt LoRA)": "Box jitter noise on bbox coordinates (σ pixels)",
      "GBG-SAM3 (Ours)": "Prompt-Free (no BBox), immune to box jitter by design"
    }
  },
  "results": {
    "E5-FT (Tgt LoRA)": {
      "0": {
        "mIoU": 0.7557508557819298,
        "mIoU_std": 0.006269784756322622,
        "F1": 0.835760862650592,
        "Boundary_IoU": 0.5903346495098595
      },
      "2": {
        "mIoU": 0.7441288542862377,
        "mIoU_std": 0.001481831798565666,
        "F1": 0.826032562194507,
        "Boundary_IoU": 0.5796801750336169
      },
      "5": {
        "mIoU": 0.6839460907363087,
        "mIoU_std": 0.025438163370886863,
        "F1": 0.7704260063679946,
        "Boundary_IoU": 0.5347080773103462
      },
      "10": {
        "mIoU": 0.5546260951897979,
        "mIoU_std": 0.04648455496447565,
        "F1": 0.6337614478155874,
        "Boundary_IoU": 0.4446603662662532
      },
      "20": {
        "mIoU": 0.43827276092630013,
        "mIoU_std": 0.03800851506313859,
        "F1": 0.5019286736712599,
        "Boundary_IoU": 0.3647959145505453
      }
    },
    "GBG-SAM3 (Ours)": {
      "0": {
        "mIoU": 0.7140546582820594,
        "mIoU_std": 0.012411909966775264,
        "F1": 0.798471197436119,
        "Boundary_IoU": 0.5211205037910777
      },
      "2": {
        "mIoU": 0.7140885784832333,
        "mIoU_std": 0.012377885000401202,
        "F1": 0.798513946831906,
        "Boundary_IoU": 0.5211429642243334
      },
      "5": {
        "mIoU": 0.7140125278558092,
        "mIoU_std": 0.012349834320322835,
        "F1": 0.7984436858330497,
        "Boundary_IoU": 0.5211107367534725
      },
      "10": {
        "mIoU": 0.7139654603441636,
        "mIoU_std": 0.012177096775039831,
        "F1": 0.7984011880122459,
        "Boundary_IoU": 0.5210095862100972
      },
      "20": {
        "mIoU": 0.7141857705072417,
        "mIoU_std": 0.01219706462328271,
        "F1": 0.798611086770124,
        "Boundary_IoU": 0.5212787859385509
      }
    }
  }
}