{
  "experiment": "E7_Robustness_Analysis",
  "metadata": {
    "platform": "cloud-linux",
    "device": "cuda",
    "timestamp": "2026-06-03 18:12:50",
    "full_test": false,
    "sigma_levels": [
      0,
      2,
      5,
      10,
      20
    ],
    "seeds": [
      42,
      123,
      456
    ],
    "num_shots": 20,
    "eval_batch_size": 32,
    "boundary_d": 5,
    "ugdp_d": 5,
    "noise_types": {
      "SAM3 Zero-shot": "Gaussian pixel noise (σ/255), clamped [0,1]",
      "E5-noFT (Src→Tgt LoRA)": "Box jitter noise on bbox coordinates (σ pixels)",
      "E5-FT (Tgt LoRA)": "Box jitter noise on bbox coordinates (σ pixels)",
      "E6 GBG-SAM3 (Ours)": "Box jitter noise → image shift + UG-DP (d=5)"
    }
  },
  "results": {
    "SAM3 Zero-shot": {
      "0": {
        "mIoU": 0.6877378727061295,
        "F1": 0.7869466556926752,
        "Boundary_IoU": 0.4969735052254433
      },
      "2": {
        "mIoU": 0.6840622478905902,
        "F1": 0.783980806064501,
        "Boundary_IoU": 0.4943046243708143
      },
      "5": {
        "mIoU": 0.6735100116169843,
        "F1": 0.7756070901370824,
        "Boundary_IoU": 0.4857710746661936
      },
      "10": {
        "mIoU": 0.6576495913101998,
        "F1": 0.7623279433971418,
        "Boundary_IoU": 0.47386567477198505
      },
      "20": {
        "mIoU": 0.6145936187504601,
        "F1": 0.7268838320813592,
        "Boundary_IoU": 0.4423506170369484
      }
    },
    "E5-noFT (Src→Tgt LoRA)": {
      "0": {
        "mIoU": 0.7286832324966955,
        "mIoU_std": 0.010013544070595334,
        "F1": 0.8177661238173992,
        "Boundary_IoU": 0.5433210152909065
      },
      "2": {
        "mIoU": 0.715998281439929,
        "mIoU_std": 0.013122629192237941,
        "F1": 0.8071825159224293,
        "Boundary_IoU": 0.5323100104385409
      },
      "5": {
        "mIoU": 0.6452419782227147,
        "mIoU_std": 0.03194692861566241,
        "F1": 0.7405653350395855,
        "Boundary_IoU": 0.4803283794392397
      },
      "10": {
        "mIoU": 0.4952166074519238,
        "mIoU_std": 0.041917519379901555,
        "F1": 0.5844254988520634,
        "Boundary_IoU": 0.3828533177938156
      },
      "20": {
        "mIoU": 0.3677123656256654,
        "mIoU_std": 0.020555653661343348,
        "F1": 0.439299179543487,
        "Boundary_IoU": 0.30190784677093047
      }
    },
    "E5-FT (Tgt LoRA)": {
      "0": {
        "mIoU": 0.718069534863469,
        "mIoU_std": 0.01790247890855891,
        "F1": 0.8100187825598848,
        "Boundary_IoU": 0.5328182832227805
      },
      "2": {
        "mIoU": 0.7083365436718921,
        "mIoU_std": 0.014560201735751304,
        "F1": 0.801872445621672,
        "Boundary_IoU": 0.5246325770806718
      },
      "5": {
        "mIoU": 0.6486086919544205,
        "mIoU_std": 0.01656570142256372,
        "F1": 0.7443891118782556,
        "Boundary_IoU": 0.4828989089948657
      },
      "10": {
        "mIoU": 0.5189791087037413,
        "mIoU_std": 0.03911455375892106,
        "F1": 0.6079413708185158,
        "Boundary_IoU": 0.39565093802026347
      },
      "20": {
        "mIoU": 0.3990503304188737,
        "mIoU_std": 0.029761385199236493,
        "F1": 0.47024446212784365,
        "Boundary_IoU": 0.3143756224107864
      }
    },
    "E6 GBG-SAM3 (Ours)": {
      "0": {
        "mIoU": 0.6748873076573302,
        "mIoU_std": 0.026599641904417312,
        "F1": 0.7700975124180921,
        "Boundary_IoU": 0.4731761615144514
      },
      "2": {
        "mIoU": 0.6674507648245681,
        "mIoU_std": 0.02380895851900978,
        "F1": 0.7669499374361287,
        "Boundary_IoU": 0.45635851977761166
      },
      "5": {
        "mIoU": 0.6233618607951145,
        "mIoU_std": 0.02189965306761127,
        "F1": 0.7338739714764669,
        "Boundary_IoU": 0.4147124043631885
      },
      "10": {
        "mIoU": 0.543729002482292,
        "mIoU_std": 0.017354844701855228,
        "F1": 0.6649180426964295,
        "Boundary_IoU": 0.3734511165072789
      },
      "20": {
        "mIoU": 0.4358792383276806,
        "mIoU_std": 0.013011651092926874,
        "F1": 0.555928137570104,
        "Boundary_IoU": 0.33285247603164025
      }
    }
  },
  "raw_per_seed": {
    "SAM3 Zero-shot": {},
    "E5-noFT (Src→Tgt LoRA)": {
      "0": [
        {
          "mIoU": 0.7298600119782045,
          "F1": 0.8198514970598166,
          "Boundary_IoU": 0.5348278444964047
        },
        {
          "mIoU": 0.7380563917013954,
          "F1": 0.8254843317555035,
          "Boundary_IoU": 0.5480535556227178
        },
        {
          "mIoU": 0.718133293810487,
          "F1": 0.8079625426368774,
          "Boundary_IoU": 0.5470816457535969
        }
      ],
      "2": [
        {
          "mIoU": 0.717050400043412,
          "F1": 0.8087989037362588,
          "Boundary_IoU": 0.5224976787160818
        },
        {
          "mIoU": 0.7285631801531736,
          "F1": 0.8179818612425969,
          "Boundary_IoU": 0.5401605694331293
        },
        {
          "mIoU": 0.7023812641232013,
          "F1": 0.7947667827884323,
          "Boundary_IoU": 0.5342717831664117
        }
      ],
      "5": [
        {
          "mIoU": 0.6413413535878697,
          "F1": 0.7386714037619733,
          "Boundary_IoU": 0.4650294633605141
        },
        {
          "mIoU": 0.6789601216522506,
          "F1": 0.7719477928727246,
          "Boundary_IoU": 0.5017060070049446
        },
        {
          "mIoU": 0.6154244594280238,
          "F1": 0.7110768084840587,
          "Boundary_IoU": 0.4742496679522606
        }
      ],
      "10": [
        {
          "mIoU": 0.48229987466181484,
          "F1": 0.5734714923872851,
          "Boundary_IoU": 0.3654666774120419
        },
        {
          "mIoU": 0.5420723368981245,
          "F1": 0.6308228106397114,
          "Boundary_IoU": 0.4116886666060146
        },
        {
          "mIoU": 0.461277610795832,
          "F1": 0.5489821935291939,
          "Boundary_IoU": 0.37140460936339037
        }
      ],
      "20": [
        {
          "mIoU": 0.36983016121125867,
          "F1": 0.44485620409546867,
          "Boundary_IoU": 0.2961282903520415
        },
        {
          "mIoU": 0.38712713638147844,
          "F1": 0.45599717581482696,
          "Boundary_IoU": 0.31163003839407
        },
        {
          "mIoU": 0.34617979928425907,
          "F1": 0.41704415872016554,
          "Boundary_IoU": 0.29796521156668
        }
      ]
    },
    "E5-FT (Tgt LoRA)": {
      "0": [
        {
          "mIoU": 0.7332342454052647,
          "F1": 0.8238031938054011,
          "Boundary_IoU": 0.5379178269933225
        },
        {
          "mIoU": 0.6983207332457919,
          "F1": 0.7922736237304,
          "Boundary_IoU": 0.5238520471782808
        },
        {
          "mIoU": 0.7226536259393507,
          "F1": 0.8139795301438535,
          "Boundary_IoU": 0.5366849754967379
        }
      ],
      "2": [
        {
          "mIoU": 0.7215697366516274,
          "F1": 0.8142846663430242,
          "Boundary_IoU": 0.5278249911014263
        },
        {
          "mIoU": 0.692738776475675,
          "F1": 0.7877738585498409,
          "Boundary_IoU": 0.5192788805039247
        },
        {
          "mIoU": 0.710701117888374,
          "F1": 0.8035588119721511,
          "Boundary_IoU": 0.5267938596366644
        }
      ],
      "5": [
        {
          "mIoU": 0.6584454114064103,
          "F1": 0.7549090151969049,
          "Boundary_IoU": 0.4830084297802208
        },
        {
          "mIoU": 0.6578977836690838,
          "F1": 0.7536287432632578,
          "Boundary_IoU": 0.494288049209355
        },
        {
          "mIoU": 0.6294828807877673,
          "F1": 0.7246295771746045,
          "Boundary_IoU": 0.4714002479950215
        }
      ],
      "10": [
        {
          "mIoU": 0.5101163792465293,
          "F1": 0.5987841239317808,